file	line	column	token	disposition	reason
database/README.md	34	35	qatrack	intentional	explicit historical validation identifier
database/verification/manifest.json	2	15	QATrack	intentional	preserved raw historical verification evidence
database/verification/manifest.json	4	16	qatrack	intentional	preserved raw historical verification evidence
database/verification/constraint-tests.sql.tsv	7	108	qatrack	intentional	preserved raw historical verification evidence
database/verification/constraint-tests.sql.tsv	10	115	qatrack	intentional	preserved raw historical verification evidence
database/verification/constraint-tests.sql.tsv	11	113	qatrack	intentional	preserved raw historical verification evidence
database/verification/constraint-tests.sql.tsv	14	117	qatrack	intentional	preserved raw historical verification evidence
database/verification/constraint-tests.sql.tsv	17	113	qatrack	intentional	preserved raw historical verification evidence
database/verification/constraint-tests.sql.tsv	18	113	qatrack	intentional	preserved raw historical verification evidence
database/verification/constraint-tests.sql.tsv	23	111	qatrack	intentional	preserved raw historical verification evidence
database/verification/constraint-tests.sql.tsv	24	111	qatrack	intentional	preserved raw historical verification evidence
database/verification/constraint-tests.sql.tsv	29	127	qatrack	intentional	preserved raw historical verification evidence
database/verification/constraint-tests.sql.tsv	33	137	qatrack	intentional	preserved raw historical verification evidence
database/verification/constraint-tests.sql.tsv	34	127	qatrack	intentional	preserved raw historical verification evidence
database/verification/constraint-tests.sql.tsv	35	125	qatrack	intentional	preserved raw historical verification evidence
database/verification/constraint-tests.sql.tsv	37	113	qatrack	intentional	preserved raw historical verification evidence
database/verification/constraint-tests.sql.tsv	41	127	qatrack	intentional	preserved raw historical verification evidence
database/verification/constraint-tests.sql.tsv	42	125	qatrack	intentional	preserved raw historical verification evidence
database/verification/constraint-tests.sql.tsv	43	122	qatrack	intentional	preserved raw historical verification evidence
database/verification/constraint-tests.sql.tsv	44	124	qatrack	intentional	preserved raw historical verification evidence
database/verification/constraint-tests.sql.tsv	47	111	qatrack	intentional	preserved raw historical verification evidence
database/verification/constraint-tests.sql.tsv	48	111	qatrack	intentional	preserved raw historical verification evidence
database/verification/constraint-tests.sql.tsv	52	118	qatrack	intentional	preserved raw historical verification evidence
database/verification/constraint-tests.sql.tsv	53	118	qatrack	intentional	preserved raw historical verification evidence
database/verification/constraint-tests.sql.tsv	54	114	qatrack	intentional	preserved raw historical verification evidence
database/verification/constraint-tests.sql.tsv	55	110	qatrack	intentional	preserved raw historical verification evidence
database/verification/constraint-tests.sql.tsv	56	112	qatrack	intentional	preserved raw historical verification evidence
database/verification/constraint-tests.sql.tsv	57	110	qatrack	intentional	preserved raw historical verification evidence
database/verification/constraint-tests.sql.tsv	61	116	qatrack	intentional	preserved raw historical verification evidence
database/verification/constraint-tests.sql.tsv	62	117	qatrack	intentional	preserved raw historical verification evidence
database/verification/constraint-tests.sql.tsv	65	126	qatrack	intentional	preserved raw historical verification evidence
database/verification/constraint-tests.sql.tsv	69	114	qatrack	intentional	preserved raw historical verification evidence
database/verification/constraint-tests.sql.tsv	70	114	qatrack	intentional	preserved raw historical verification evidence
database/verification/constraint-tests.sql.tsv	73	120	qatrack	intentional	preserved raw historical verification evidence
database/verification/constraint-tests.sql.tsv	74	115	qatrack	intentional	preserved raw historical verification evidence
database/verification/constraint-tests.sql.tsv	75	113	qatrack	intentional	preserved raw historical verification evidence
database/verification/constraint-tests.sql.tsv	76	125	qatrack	intentional	preserved raw historical verification evidence
database/verification/constraint-tests.sql.tsv	81	108	qatrack	intentional	preserved raw historical verification evidence
database/verification/constraint-tests.sql.tsv	82	109	qatrack	intentional	preserved raw historical verification evidence
database/verification/constraint-tests.sql.tsv	83	109	qatrack	intentional	preserved raw historical verification evidence
database/verification/constraint-tests.sql.tsv	90	121	qatrack	intentional	preserved raw historical verification evidence
database/verification/constraint-tests.sql.tsv	91	120	qatrack	intentional	preserved raw historical verification evidence
database/verification/constraint-tests.sql.tsv	92	120	qatrack	intentional	preserved raw historical verification evidence
database/verification/constraint-tests.sql.tsv	106	113	qatrack	intentional	preserved raw historical verification evidence
database/verification/constraint-tests.sql.tsv	107	113	qatrack	intentional	preserved raw historical verification evidence
database/verification/constraint-tests.sql.tsv	108	116	qatrack	intentional	preserved raw historical verification evidence
database/verification/constraint-tests.sql.tsv	109	116	qatrack	intentional	preserved raw historical verification evidence
database/verification/constraint-tests.sql.tsv	110	134	qatrack	intentional	preserved raw historical verification evidence
database/verification/constraint-tests.sql.tsv	111	134	qatrack	intentional	preserved raw historical verification evidence
database/verification/constraint-tests.sql.tsv	112	118	qatrack	intentional	preserved raw historical verification evidence
database/verification/constraint-tests.sql.tsv	113	118	qatrack	intentional	preserved raw historical verification evidence
database/verification/constraint-tests.sql.tsv	114	120	qatrack	intentional	preserved raw historical verification evidence
database/verification/constraint-tests.sql.tsv	115	120	qatrack	intentional	preserved raw historical verification evidence
database/verification/constraint-tests.sql.tsv	116	118	qatrack	intentional	preserved raw historical verification evidence
database/verification/constraint-tests.sql.tsv	117	118	qatrack	intentional	preserved raw historical verification evidence
database/verification/constraint-tests.sql.tsv	118	117	qatrack	intentional	preserved raw historical verification evidence
database/verification/constraint-tests.sql.tsv	119	117	qatrack	intentional	preserved raw historical verification evidence
database/verification/constraint-tests.sql.tsv	120	122	qatrack	intentional	preserved raw historical verification evidence
database/verification/constraint-tests.sql.tsv	121	122	qatrack	intentional	preserved raw historical verification evidence
database/verification/constraint-tests.sql.tsv	122	120	qatrack	intentional	preserved raw historical verification evidence
database/verification/constraint-tests.sql.tsv	123	120	qatrack	intentional	preserved raw historical verification evidence
database/verification/constraint-tests.sql.tsv	124	132	qatrack	intentional	preserved raw historical verification evidence
database/verification/constraint-tests.sql.tsv	125	132	qatrack	intentional	preserved raw historical verification evidence
database/verification/constraint-tests.sql.tsv	126	121	qatrack	intentional	preserved raw historical verification evidence
database/verification/constraint-tests.sql.tsv	127	121	qatrack	intentional	preserved raw historical verification evidence
database/verification/constraint-tests.sql.tsv	128	115	qatrack	intentional	preserved raw historical verification evidence
database/verification/constraint-tests.sql.tsv	129	115	qatrack	intentional	preserved raw historical verification evidence
docs/PHASE2-R3-FINAL-REVIEW.md	34	99	qatrack	intentional	preserved historical report
docs/PHASE2-R3-FINAL-REVIEW.md	59	41	qatrack	intentional	preserved historical report
docs/PHASE2-R3-FINAL-REVIEW.md	61	44	qatrack	intentional	preserved historical report
docs/PHASE2-R3-EXECUTION-DEFECT-PERSISTENCE.md	9	27	qatrack	intentional	preserved historical report
docs/PHASE2-R3-EXECUTION-DEFECT-PERSISTENCE.md	91	39	qatrack	intentional	preserved historical report
docs/PHASE2-R3-EXECUTION-DEFECT-PERSISTENCE.md	93	23	qatrack	intentional	preserved historical report
docs/PHASE2-R2-FINAL-REVIEW.md	29	47	qatrack	intentional	preserved historical report
docs/PHASE2-R2-FINAL-REVIEW.md	29	87	qatrack	intentional	preserved historical report
docs/PHASE2-R2-FINAL-REVIEW.md	29	146	qatrack	intentional	preserved historical report
docs/PHASE2-R2-FINAL-REVIEW.md	29	171	qatrack	intentional	preserved historical report
docs/PHASE2-R2-FINAL-REVIEW.md	43	39	qatrack	intentional	preserved historical report
docs/PHASE2-R2-FINAL-REVIEW.md	43	180	qatrack	intentional	preserved historical report
docs/PHASE2-R2-ASSET-PLANNING-PERSISTENCE.md	11	30	qatrack	intentional	preserved historical report
docs/PHASE2-R2-ASSET-PLANNING-PERSISTENCE.md	81	91	qatrack	intentional	preserved historical report
docs/PHASE2-R2-ASSET-PLANNING-PERSISTENCE.md	105	118	qatrack	intentional	preserved historical report
docs/PHASE2-R2-ASSET-PLANNING-PERSISTENCE.md	105	237	qatrack	intentional	preserved historical report
docs/PHASE2-R2-ASSET-PLANNING-PERSISTENCE.md	128	71	qatrack	intentional	preserved historical report
docs/PHASE2-R2-ASSET-PLANNING-PERSISTENCE.md	129	82	qatrack	intentional	preserved historical report
docs/PHASE2-R2-ASSET-PLANNING-PERSISTENCE.md	130	76	qatrack	intentional	preserved historical report
docs/PHASE2-R2-ASSET-PLANNING-PERSISTENCE.md	131	65	qatrack	intentional	preserved historical report
docs/PHASE2-R2-ASSET-PLANNING-PERSISTENCE.md	132	62	qatrack	intentional	preserved historical report
docs/PHASE2-R1-CODE-REVIEW.md	15	32	qatrack	intentional	preserved historical report
docs/PHASE2-R1-CODE-REVIEW.md	46	54	QATRACK	intentional	preserved historical report
docs/PHASE2-R1-CODE-REVIEW.md	46	135	qatrack	intentional	preserved historical report
docs/PHASE2-R1-CODE-REVIEW.md	51	36	qatrack	intentional	preserved historical report
docs/PHASE2-R1-CODE-REVIEW.md	52	120	QATRACK	intentional	preserved historical report
docs/PHASE2-R1-CODE-REVIEW.md	79	61	qatrack	intentional	preserved historical report
docs/PHASE2-R1-CODE-REVIEW.md	79	208	qatrack	intentional	preserved historical report
docs/PHASE2-JDBC-VALIDATION.md	12	41	qatrack	intentional	preserved historical report
docs/PHASE2-JDBC-VALIDATION.md	36	46	qatrack	intentional	preserved historical report
docs/PHASE2-JDBC-VALIDATION.md	46	104	QATrack	intentional	preserved historical report
docs/PHASE2-JDBC-VALIDATION.md	48	16	qatrack	intentional	preserved historical report
docs/PHASE2-JDBC-VALIDATION.md	52	14	qatrack	intentional	preserved historical report
docs/PHASE2-JDBC-VALIDATION.md	61	47	qatrack	intentional	preserved historical report
docs/PHASE2-JDBC-VALIDATION.md	81	46	qatrack	intentional	preserved historical report
docs/PHASE2-JDBC-FOUNDATION.md	10	28	qatrack	intentional	preserved historical report
docs/PHASE2-JDBC-FOUNDATION.md	39	5	QATRACK	intentional	preserved historical report
docs/PHASE2-JDBC-FOUNDATION.md	41	15	QATRACK	intentional	preserved historical report
docs/PHASE2-JDBC-FOUNDATION.md	41	46	qatrack	intentional	preserved historical report
docs/PHASE2-JDBC-FOUNDATION.md	46	13	QATRACK	intentional	preserved historical report
docs/PHASE2-JDBC-FOUNDATION.md	46	63	qatrack	intentional	preserved historical report
docs/PHASE2-JDBC-FOUNDATION.md	47	14	QATRACK	intentional	preserved historical report
docs/PHASE2-JDBC-FOUNDATION.md	47	36	qatrack	intentional	preserved historical report
docs/PHASE2-JDBC-FOUNDATION.md	48	14	QATRACK	intentional	preserved historical report
docs/PHASE2-JDBC-FOUNDATION.md	49	21	QATRACK	intentional	preserved historical report
docs/PHASE2-JDBC-FOUNDATION.md	50	17	QATRACK	intentional	preserved historical report
docs/PHASE2-JDBC-FOUNDATION.md	51	20	QATRACK	intentional	preserved historical report
docs/PHASE2-JDBC-FOUNDATION.md	53	103	qatrack	intentional	preserved historical report
docs/PHASE2-JDBC-FOUNDATION.md	117	88	qatrack	intentional	preserved historical report
docs/PHASE2-JDBC-FOUNDATION.md	119	137	QATRACK	intentional	preserved historical report
docs/PHASE2-JDBC-FOUNDATION.md	119	190	QATRACK	intentional	preserved historical report
docs/PHASE2-JDBC-FOUNDATION.md	119	214	qatrack	intentional	preserved historical report
docs/PHASE2-JDBC-FOUNDATION.md	124	2	qatrack	intentional	preserved historical report
docs/PHASE2-JDBC-FOUNDATION.md	125	4	qatrack	intentional	preserved historical report
docs/PHASE2-JDBC-FOUNDATION.md	126	4	qatrack	intentional	preserved historical report
docs/PHASE2-JDBC-FOUNDATION.md	127	4	qatrack	intentional	preserved historical report
docs/PHASE2-JDBC-FOUNDATION.md	131	49	QATrack	intentional	preserved historical report
docs/PHASE2-JDBC-FOUNDATION.md	131	125	qatrack	intentional	preserved historical report
docs/PHASE2-JDBC-FOUNDATION.md	131	158	qatrack	intentional	preserved historical report
docs/PHASE2-FINAL-PERSISTENCE-REVIEW.md	205	55	qatrack	intentional	preserved historical report
docs/PHASE2-FINAL-PERSISTENCE-REVIEW.md	211	74	qatrack	intentional	preserved historical report
docs/PHASE2-FINAL-PERSISTENCE-REVIEW.md	211	118	qatrack	intentional	preserved historical report
docs/PHASE2-FINAL-PERSISTENCE-REVIEW.md	211	170	qatrack	intentional	preserved historical report
docs/PHASE2-FINAL-PERSISTENCE-REVIEW.md	268	31	qatrack	intentional	preserved historical report
docs/PHASE2-FINAL-PERSISTENCE-REVIEW.md	270	24	qatrack	intentional	preserved historical report
docs/PHASE2-FINAL-PERSISTENCE-REVIEW.md	279	32	qatrack	intentional	preserved historical report
docs/PHASE2-FINAL-PERSISTENCE-REVIEW.md	284	39	qatrack	intentional	preserved historical report
docs/PHASE2-FINAL-PERSISTENCE-REVIEW.md	287	39	qatrack	intentional	preserved historical report
docs/PHASE2-FINAL-PERSISTENCE-REVIEW.md	288	39	qatrack	intentional	preserved historical report
docs/PHASE2-FINAL-PERSISTENCE-REVIEW.md	289	39	qatrack	intentional	preserved historical report
docs/PHASE2-FINAL-PERSISTENCE-REVIEW.md	290	39	qatrack	intentional	preserved historical report
docs/PHASE2-FINAL-PERSISTENCE-REVIEW.md	291	39	qatrack	intentional	preserved historical report
docs/PHASE2-FINAL-PERSISTENCE-REVIEW.md	292	39	qatrack	intentional	preserved historical report
docs/PHASE2-FINAL-PERSISTENCE-REVIEW.md	293	39	qatrack	intentional	preserved historical report
docs/PHASE2-FINAL-PERSISTENCE-REVIEW.md	294	39	qatrack	intentional	preserved historical report
docs/PHASE2-FINAL-PERSISTENCE-REVIEW.md	295	39	qatrack	intentional	preserved historical report
docs/PHASE2-FINAL-PERSISTENCE-REVIEW.md	296	39	qatrack	intentional	preserved historical report
docs/PHASE2-FINAL-PERSISTENCE-REVIEW.md	297	39	qatrack	intentional	preserved historical report
docs/PHASE2-FINAL-PERSISTENCE-REVIEW.md	298	39	qatrack	intentional	preserved historical report
docs/PHASE2-FINAL-PERSISTENCE-REVIEW.md	299	39	qatrack	intentional	preserved historical report
docs/PHASE2-FINAL-PERSISTENCE-REVIEW.md	300	39	qatrack	intentional	preserved historical report
docs/PHASE2-FINAL-PERSISTENCE-REVIEW.md	301	39	qatrack	intentional	preserved historical report
docs/PHASE2-FINAL-PERSISTENCE-REVIEW.md	302	39	qatrack	intentional	preserved historical report
docs/PHASE2-FINAL-PERSISTENCE-REVIEW.md	303	39	qatrack	intentional	preserved historical report
docs/PHASE2-FINAL-PERSISTENCE-REVIEW.md	304	39	qatrack	intentional	preserved historical report
docs/PHASE2-FINAL-PERSISTENCE-REVIEW.md	305	39	qatrack	intentional	preserved historical report
docs/IDEA-INSPECTION-AUDIT.md	55	137	qatrack	intentional	preserved historical report
docs/IDEA-INSPECTION-AUDIT.md	80	34	QATrack	intentional	preserved historical report
docs/IDEA-INSPECTION-AUDIT.md	88	107	qatrack	intentional	preserved historical report
docs/IDEA-INSPECTION-AUDIT.md	88	171	qatrack	intentional	preserved historical report
docs/IDEA-INSPECTION-AUDIT.md	102	41	qatrack	intentional	preserved historical report
docs/IDEA-INSPECTION-AUDIT.md	103	31	qatrack	intentional	preserved historical report
docs/ENVIRONMENT-AUDIT.md	13	37	QATrack	intentional	preserved historical report
docs/ENVIRONMENT-AUDIT.md	50	2	qatrack	intentional	preserved historical report
docs/ENVIRONMENT-AUDIT.md	51	34	qatrack	intentional	preserved historical report
docs/ENVIRONMENT-AUDIT.md	72	15	qatrack	intentional	preserved historical report
docs/ENVIRONMENT-AUDIT.md	85	39	qatrack	intentional	preserved historical report
docs/DOMAIN-MODEL.md	5	26	QATrack	intentional	preserved historical report
docs/DOMAIN-MODEL.md	5	40	QATrack	intentional	preserved historical report
docs/DOMAIN-MODEL.md	82	8	QATrack	intentional	preserved historical report
docs/DOMAIN-MODEL.md	405	3	QATrack	intentional	preserved historical report
docs/DOMAIN-FREEZE-v1.0.md	1	3	QATrack	intentional	preserved historical report
docs/DATABASE-VALIDATION-v1.0.md	1	3	QATrack	intentional	preserved historical report
docs/DATABASE-VALIDATION-v1.0.md	5	19	QATrack	intentional	preserved historical report
docs/DATABASE-VALIDATION-v1.0.md	22	9	qatrack	intentional	preserved historical report
docs/DATABASE-VALIDATION-v1.0.md	27	25	QATrack	intentional	preserved historical report
docs/DATABASE-DESIGN-DRAFT.md	5	6	QATrack	intentional	preserved historical report
docs/CLOUD-DEPLOYMENT-HANDOFF.md	24	31	qatrack	intentional	preserved historical report
docs/CLOUD-DEPLOYMENT-HANDOFF.md	31	30	qatrack	intentional	preserved historical report
docs/CLOUD-DEPLOYMENT-HANDOFF.md	34	18	qatrack	intentional	preserved historical report
docs/CLOUD-DEPLOYMENT-HANDOFF.md	35	8	qatrack	intentional	preserved historical report
docs/CLOUD-DEPLOYMENT-HANDOFF.md	35	36	qatrack	intentional	preserved historical report
docs/CLOUD-DEPLOYMENT-HANDOFF.md	35	53	qatrack	intentional	preserved historical report
docs/CLOUD-DEPLOYMENT-HANDOFF.md	36	105	qatrack	intentional	preserved historical report
docs/CLOUD-DEPLOYMENT-HANDOFF.md	36	172	qatrack	intentional	preserved historical report
docs/CLOUD-DEPLOYMENT-HANDOFF.md	38	131	qatrack	intentional	preserved historical report
docs/CLOUD-DEPLOYMENT-HANDOFF.md	46	13	QATRACK	intentional	preserved historical report
docs/CLOUD-DEPLOYMENT-HANDOFF.md	46	63	qatrack	intentional	preserved historical report
docs/CLOUD-DEPLOYMENT-HANDOFF.md	47	14	QATRACK	intentional	preserved historical report
docs/CLOUD-DEPLOYMENT-HANDOFF.md	47	36	qatrack	intentional	preserved historical report
docs/CLOUD-DEPLOYMENT-HANDOFF.md	48	14	QATRACK	intentional	preserved historical report
docs/CLOUD-DEPLOYMENT-HANDOFF.md	49	21	QATRACK	intentional	preserved historical report
docs/CLOUD-DEPLOYMENT-HANDOFF.md	50	17	QATRACK	intentional	preserved historical report
docs/CLOUD-DEPLOYMENT-HANDOFF.md	51	20	QATRACK	intentional	preserved historical report
docs/CLOUD-DEPLOYMENT-HANDOFF.md	56	10	QATRACK	intentional	preserved historical report
docs/CLOUD-DEPLOYMENT-HANDOFF.md	57	33	qatrack	intentional	preserved historical report
docs/CLOUD-DEPLOYMENT-HANDOFF.md	57	56	qatrack	intentional	preserved historical report
docs/CLOUD-DEPLOYMENT-HANDOFF.md	60	58	QATRACK	intentional	preserved historical report
docs/CLOUD-DEPLOYMENT-HANDOFF.md	62	15	qatrack	intentional	preserved historical report
docs/CLOUD-DEPLOYMENT-HANDOFF.md	64	5	QATRACK	intentional	preserved historical report
docs/CLOUD-DEPLOYMENT-HANDOFF.md	69	107	QATRACK	intentional	preserved historical report
docs/CLOUD-DEPLOYMENT-HANDOFF.md	73	19	QATRACK	intentional	preserved historical report
docs/CLOUD-DEPLOYMENT-HANDOFF.md	77	20	qatrack	intentional	preserved historical report
docs/CLOUD-DEPLOYMENT-HANDOFF.md	83	8	qatrack	intentional	preserved historical report
docs/CLOUD-DEPLOYMENT-HANDOFF.md	93	32	qatrack	intentional	preserved historical report
docs/CLOUD-DEPLOYMENT-HANDOFF.md	113	79	QATRACK	intentional	preserved historical report
docs/CLOUD-DEPLOYMENT-HANDOFF.md	117	105	qatrack	intentional	preserved historical report
docs/CLOUD-DEPLOYMENT-HANDOFF.md	120	14	QATRACK	intentional	preserved historical report
docs/CLOUD-DEPLOYMENT-HANDOFF.md	120	37	qatrack	intentional	preserved historical report
docs/CLOUD-DEPLOYMENT-HANDOFF.md	121	14	QATRACK	intentional	preserved historical report
docs/CLOUD-DEPLOYMENT-HANDOFF.md	127	85	QATRACK	intentional	preserved historical report
docs/CLOUD-DEPLOYMENT-HANDOFF.md	131	11	qatrack	intentional	preserved historical report
docs/CLOUD-DEPLOYMENT-HANDOFF.md	142	82	qatrack	intentional	preserved historical report
docs/CLOUD-DEPLOYMENT-HANDOFF.md	142	172	QATrack	intentional	preserved historical report
docs/CLOUD-DEPLOYMENT-HANDOFF.md	176	16	qatrack	intentional	preserved historical report
docs/CLOUD-DEPLOYMENT-HANDOFF.md	176	41	QATrack	intentional	preserved historical report
docs/CLOUD-DEPLOYMENT-HANDOFF.md	182	14	qatrack	intentional	preserved historical report
docs/CLOUD-DEPLOYMENT-HANDOFF.md	183	53	QATRACK	intentional	preserved historical report
docs/CLOUD-DEPLOYMENT-HANDOFF.md	234	20	QATRACK	intentional	preserved historical report
docs/CLOUD-DEPLOYMENT-HANDOFF.md	234	38	qatrack	intentional	preserved historical report
docs/CLOUD-DEPLOYMENT-HANDOFF.md	234	56	QATRACK	intentional	preserved historical report
docs/PHASE4-R1-WEB-AUTH-FOUNDATION.md	84	15	QATRACK	intentional	preserved historical report
docs/PHASE4-R1-WEB-AUTH-FOUNDATION.md	86	49	QATrack	intentional	preserved historical report
docs/PHASE4-R1-WEB-AUTH-FOUNDATION.md	127	236	qatrack	intentional	preserved historical report
docs/PHASE4-R1-WEB-AUTH-FOUNDATION.md	129	83	QATRACK	intentional	preserved historical report
docs/PHASE4-R1-WEB-AUTH-FOUNDATION.md	134	54	QATRACK	intentional	preserved historical report
docs/PHASE4-R1-WEB-AUTH-FOUNDATION.md	134	70	QATRACK	intentional	preserved historical report
docs/PHASE4-R1-WEB-AUTH-FOUNDATION.md	134	92	qatrack	intentional	preserved historical report
docs/PHASE4-R1-WEB-AUTH-FOUNDATION.md	135	23	qatrack	intentional	preserved historical report
docs/PHASE4-R1-WEB-AUTH-FOUNDATION.md	136	13	QATRACK	intentional	preserved historical report
docs/PHASE4-R1-WEB-AUTH-FOUNDATION.md	137	55	QATrack	intentional	preserved historical report
docs/PHASE4-R1-WEB-AUTH-FOUNDATION.md	144	135	qatrack	intentional	preserved historical report
docs/PHASE4-R1-WEB-AUTH-FOUNDATION.md	144	178	qatrack	intentional	preserved historical report
docs/PHASE4-R1-WEB-AUTH-FOUNDATION.md	160	33	qatrack	intentional	preserved historical report
docs/PHASE4-R1-WEB-AUTH-FOUNDATION.md	162	48	qatrack	intentional	preserved historical report
docs/PHASE4-R1-WEB-AUTH-FOUNDATION.md	167	13	qatrack	intentional	preserved historical report
docs/PHASE4-R1-FINAL-REVIEW.md	119	70	QATrack	intentional	preserved historical report
docs/PHASE4-R1-FINAL-REVIEW.md	129	50	qatrack	intentional	preserved historical report
docs/PHASE4-R1-FINAL-REVIEW.md	130	11	QATRACK	intentional	preserved historical report
docs/PHASE4-R1-FINAL-REVIEW.md	226	43	qatrack	intentional	preserved historical report
docs/PHASE4-R1-FINAL-REVIEW.md	236	15	QATRACK	intentional	preserved historical report
docs/PHASE3-R4-AUTOMATION-IMPORT-SERVICE.md	152	28	qatrack	intentional	preserved historical report
docs/PHASE3-R4-AUTOMATION-IMPORT-SERVICE.md	153	59	qatrack	intentional	preserved historical report
docs/PHASE3-R3-DEFECT-SERVICE.md	138	28	qatrack	intentional	preserved historical report
docs/PHASE3-R3-DEFECT-SERVICE.md	139	61	qatrack	intentional	preserved historical report
docs/PHASE3-R2-TEST-EXECUTION-SERVICE.md	144	28	qatrack	intentional	preserved historical report
docs/PHASE3-R2-TEST-EXECUTION-SERVICE.md	145	61	qatrack	intentional	preserved historical report
docs/PHASE3-R1-SERVICE-FOUNDATION.md	135	37	qatrack	intentional	preserved historical report
docs/PHASE3-R1-SERVICE-FOUNDATION.md	135	90	qatrack	intentional	preserved historical report
docs/PHASE3-R1-SERVICE-FOUNDATION.md	144	35	qatrack	intentional	preserved historical report
docs/PHASE3-R1-SERVICE-FOUNDATION.md	165	40	qatrack	intentional	preserved historical report
docs/PHASE3-R1-SERVICE-FOUNDATION.md	165	118	qatrack	intentional	preserved historical report
docs/PHASE3-FINAL-SERVICE-REVIEW.md	9	6	QATrack	intentional	preserved historical report
docs/PHASE3-FINAL-SERVICE-REVIEW.md	236	31	qatrack	intentional	preserved historical report
docs/PHASE3-FINAL-SERVICE-REVIEW.md	238	26	qatrack	intentional	preserved historical report
docs/PHASE3-FINAL-SERVICE-REVIEW.md	238	79	qatrack	intentional	preserved historical report
docs/PHASE3-FINAL-SERVICE-REVIEW.md	238	102	qatrack	intentional	preserved historical report
docs/PHASE2-R4-AUTOMATION-IMPORT-PERSISTENCE.md	9	26	qatrack	intentional	preserved historical report
docs/PHASE2-R4-AUTOMATION-IMPORT-PERSISTENCE.md	103	185	qatrack	intentional	preserved historical report
docs/PHASE2-R4-AUTOMATION-IMPORT-PERSISTENCE.md	124	41	qatrack	intentional	preserved historical report
docs/PHASE2-R4-AUTOMATION-IMPORT-PERSISTENCE.md	126	24	qatrack	intentional	preserved historical report
docs/PHASE4-R3-FINAL-REVIEW.md	191	43	QATrack	intentional	preserved historical report
docs/PHASE4-R3-FINAL-REVIEW.md	216	17	qatrack	intentional	preserved historical report
docs/PHASE4-R3-FINAL-REVIEW.md	221	24	qatrack	intentional	preserved historical report
docs/PHASE4-R3-FINAL-REVIEW.md	223	43	qatrack	intentional	preserved historical report
docs/PHASE4-R3-FINAL-REVIEW.md	230	19	qatrack	intentional	preserved historical report
docs/PHASE4-R3-FINAL-REVIEW.md	232	12	QATRACK	intentional	preserved historical report
docs/PHASE4-R3-FINAL-REVIEW.md	232	36	qatrack	intentional	preserved historical report
docs/PHASE4-R3-FINAL-REVIEW.md	233	4	QATRACK	intentional	preserved historical report
docs/PHASE4-R3-FINAL-REVIEW.md	273	39	qatrack	intentional	preserved historical report
docs/PHASE4-R3-FINAL-REVIEW.md	274	39	qatrack	intentional	preserved historical report
docs/PHASE4-R3-FINAL-REVIEW.md	275	39	qatrack	intentional	preserved historical report
docs/PHASE4-R3-FINAL-REVIEW.md	276	39	qatrack	intentional	preserved historical report
docs/PHASE4-R3-FINAL-REVIEW.md	277	39	qatrack	intentional	preserved historical report
docs/PHASE4-R3-FINAL-REVIEW.md	278	39	qatrack	intentional	preserved historical report
docs/PHASE4-R3-FINAL-REVIEW.md	279	39	qatrack	intentional	preserved historical report
docs/PHASE4-R3-FINAL-REVIEW.md	280	39	qatrack	intentional	preserved historical report
docs/PHASE4-R3-FINAL-REVIEW.md	281	39	qatrack	intentional	preserved historical report
docs/PHASE4-R3-FINAL-REVIEW.md	282	39	qatrack	intentional	preserved historical report
docs/PHASE4-R3-FINAL-REVIEW.md	283	39	qatrack	intentional	preserved historical report
docs/PHASE4-R3-FINAL-REVIEW.md	284	39	qatrack	intentional	preserved historical report
docs/PHASE4-R3-FINAL-REVIEW.md	288	39	qatrack	intentional	preserved historical report
docs/PHASE4-R3-FINAL-REVIEW.md	289	39	qatrack	intentional	preserved historical report
docs/PHASE4-R3-FINAL-REVIEW.md	290	39	qatrack	intentional	preserved historical report
docs/PHASE4-R3-FINAL-REVIEW.md	291	39	qatrack	intentional	preserved historical report
docs/PHASE4-R3-FINAL-REVIEW.md	292	39	qatrack	intentional	preserved historical report
docs/PHASE4-R3-FINAL-REVIEW.md	293	39	qatrack	intentional	preserved historical report
docs/PHASE4-R3-FINAL-REVIEW.md	294	39	qatrack	intentional	preserved historical report
docs/PHASE4-R3-FINAL-REVIEW.md	295	39	qatrack	intentional	preserved historical report
docs/PHASE4-R3-FINAL-REVIEW.md	296	39	qatrack	intentional	preserved historical report
docs/PHASE4-R3-FINAL-REVIEW.md	297	39	qatrack	intentional	preserved historical report
docs/PHASE4-R3-FINAL-REVIEW.md	298	39	qatrack	intentional	preserved historical report
docs/PHASE4-R3-FINAL-REVIEW.md	299	39	qatrack	intentional	preserved historical report
docs/PHASE4-R3-FINAL-REVIEW.md	300	39	qatrack	intentional	preserved historical report
docs/PHASE4-R3-FINAL-REVIEW.md	301	39	qatrack	intentional	preserved historical report
docs/PHASE4-R3-FINAL-REVIEW.md	302	39	qatrack	intentional	preserved historical report
docs/PHASE4-R3-FINAL-REVIEW.md	303	39	qatrack	intentional	preserved historical report
docs/PHASE4-R3-FINAL-REVIEW.md	304	39	qatrack	intentional	preserved historical report
docs/PHASE4-R3-FINAL-REVIEW.md	305	39	qatrack	intentional	preserved historical report
docs/PHASE4-R3-EXECUTION-DEFECT-API.md	133	12	QATrack	intentional	preserved historical report
docs/PHASE4-R3-EXECUTION-DEFECT-API.md	175	19	qatrack	intentional	preserved historical report
docs/PHASE4-R3-EXECUTION-DEFECT-API.md	187	17	qatrack	intentional	preserved historical report
docs/PHASE4-R3-EXECUTION-DEFECT-API.md	189	23	qatrack	intentional	preserved historical report
docs/PHASE4-R3-EXECUTION-DEFECT-API.md	202	52	qatrack	intentional	preserved historical report
docs/PHASE4-R3-EXECUTION-DEFECT-API.md	202	106	qatrack	intentional	preserved historical report
docs/PHASE4-R3-EXECUTION-DEFECT-API.md	207	39	qatrack	intentional	preserved historical report
docs/PHASE4-R3-EXECUTION-DEFECT-API.md	208	39	qatrack	intentional	preserved historical report
docs/PHASE4-R3-EXECUTION-DEFECT-API.md	209	39	qatrack	intentional	preserved historical report
docs/PHASE4-R3-EXECUTION-DEFECT-API.md	210	39	qatrack	intentional	preserved historical report
docs/PHASE4-R3-EXECUTION-DEFECT-API.md	211	39	qatrack	intentional	preserved historical report
docs/PHASE4-R3-EXECUTION-DEFECT-API.md	212	39	qatrack	intentional	preserved historical report
docs/PHASE4-R3-EXECUTION-DEFECT-API.md	213	39	qatrack	intentional	preserved historical report
docs/PHASE4-R3-EXECUTION-DEFECT-API.md	214	39	qatrack	intentional	preserved historical report
docs/PHASE4-R3-EXECUTION-DEFECT-API.md	215	39	qatrack	intentional	preserved historical report
docs/PHASE4-R3-EXECUTION-DEFECT-API.md	216	39	qatrack	intentional	preserved historical report
docs/PHASE4-R3-EXECUTION-DEFECT-API.md	217	39	qatrack	intentional	preserved historical report
docs/PHASE4-R3-EXECUTION-DEFECT-API.md	218	39	qatrack	intentional	preserved historical report
docs/PHASE4-R3-EXECUTION-DEFECT-API.md	220	39	qatrack	intentional	preserved historical report
docs/PHASE4-R3-EXECUTION-DEFECT-API.md	221	39	qatrack	intentional	preserved historical report
docs/PHASE4-R3-EXECUTION-DEFECT-API.md	222	39	qatrack	intentional	preserved historical report
docs/PHASE4-R3-EXECUTION-DEFECT-API.md	223	39	qatrack	intentional	preserved historical report
docs/PHASE4-R3-EXECUTION-DEFECT-API.md	224	39	qatrack	intentional	preserved historical report
docs/PHASE4-R3-EXECUTION-DEFECT-API.md	225	39	qatrack	intentional	preserved historical report
docs/PHASE4-R3-EXECUTION-DEFECT-API.md	226	39	qatrack	intentional	preserved historical report
docs/PHASE4-R3-EXECUTION-DEFECT-API.md	227	39	qatrack	intentional	preserved historical report
docs/PHASE4-R3-EXECUTION-DEFECT-API.md	228	39	qatrack	intentional	preserved historical report
docs/PHASE4-R3-EXECUTION-DEFECT-API.md	229	39	qatrack	intentional	preserved historical report
docs/PHASE4-R3-EXECUTION-DEFECT-API.md	230	39	qatrack	intentional	preserved historical report
docs/PHASE4-R3-EXECUTION-DEFECT-API.md	231	39	qatrack	intentional	preserved historical report
docs/PHASE4-R3-EXECUTION-DEFECT-API.md	232	39	qatrack	intentional	preserved historical report
docs/PHASE4-R3-EXECUTION-DEFECT-API.md	233	39	qatrack	intentional	preserved historical report
docs/PHASE4-R3-EXECUTION-DEFECT-API.md	234	39	qatrack	intentional	preserved historical report
docs/PHASE4-R3-EXECUTION-DEFECT-API.md	235	39	qatrack	intentional	preserved historical report
docs/PHASE4-R3-EXECUTION-DEFECT-API.md	236	39	qatrack	intentional	preserved historical report
docs/PHASE4-R3-EXECUTION-DEFECT-API.md	237	39	qatrack	intentional	preserved historical report
docs/PHASE4-R2-TEST-ASSET-API.md	137	26	QATrack	intentional	preserved historical report
docs/PHASE4-R2-TEST-ASSET-API.md	246	11	QATrack	intentional	preserved historical report
docs/PHASE4-R2-TEST-ASSET-API.md	293	46	qatrack	intentional	preserved historical report
docs/PHASE4-R2-TEST-ASSET-API.md	353	17	qatrack	intentional	preserved historical report
docs/PHASE4-R2-TEST-ASSET-API.md	355	48	qatrack	intentional	preserved historical report
docs/PHASE4-R2-TEST-ASSET-API.md	358	12	qatrack	intentional	preserved historical report
docs/PHASE4-R2-TEST-ASSET-API.md	389	6	qatrack	intentional	preserved historical report
docs/PHASE4-R2-TEST-ASSET-API.md	390	6	qatrack	intentional	preserved historical report
docs/PHASE4-R2-TEST-ASSET-API.md	391	6	qatrack	intentional	preserved historical report
docs/PHASE4-R2-TEST-ASSET-API.md	392	6	qatrack	intentional	preserved historical report
docs/PHASE4-R2-TEST-ASSET-API.md	394	6	qatrack	intentional	preserved historical report
docs/PHASE4-R2-TEST-ASSET-API.md	395	6	qatrack	intentional	preserved historical report
docs/PHASE4-R2-TEST-ASSET-API.md	396	6	qatrack	intentional	preserved historical report
docs/PHASE4-R2-TEST-ASSET-API.md	397	6	qatrack	intentional	preserved historical report
docs/PHASE4-R2-TEST-ASSET-API.md	398	24	qatrack	intentional	preserved historical report
docs/PHASE4-R2-TEST-ASSET-API.md	399	27	qatrack	intentional	preserved historical report
docs/PHASE4-R2-TEST-ASSET-API.md	400	24	qatrack	intentional	preserved historical report
docs/PHASE4-R2-TEST-ASSET-API.md	401	6	qatrack	intentional	preserved historical report
docs/PHASE4-R2-TEST-ASSET-API.md	402	6	qatrack	intentional	preserved historical report
docs/PHASE4-R2-TEST-ASSET-API.md	403	6	qatrack	intentional	preserved historical report
docs/PHASE4-R2-TEST-ASSET-API.md	404	17	qatrack	intentional	preserved historical report
docs/PHASE4-R2-TEST-ASSET-API.md	411	39	qatrack	intentional	preserved historical report
docs/PHASE4-R2-TEST-ASSET-API.md	412	39	qatrack	intentional	preserved historical report
docs/PHASE4-R2-TEST-ASSET-API.md	413	39	qatrack	intentional	preserved historical report
docs/PHASE4-R2-TEST-ASSET-API.md	414	39	qatrack	intentional	preserved historical report
docs/PHASE4-R2-TEST-ASSET-API.md	415	39	qatrack	intentional	preserved historical report
docs/PHASE4-R2-TEST-ASSET-API.md	416	39	qatrack	intentional	preserved historical report
docs/PHASE4-R2-TEST-ASSET-API.md	417	39	qatrack	intentional	preserved historical report
docs/PHASE4-R2-TEST-ASSET-API.md	418	39	qatrack	intentional	preserved historical report
docs/PHASE4-R2-TEST-ASSET-API.md	419	39	qatrack	intentional	preserved historical report
docs/PHASE4-R2-TEST-ASSET-API.md	420	39	qatrack	intentional	preserved historical report
docs/PHASE4-R2-TEST-ASSET-API.md	421	39	qatrack	intentional	preserved historical report
docs/PHASE4-R2-TEST-ASSET-API.md	422	39	qatrack	intentional	preserved historical report
docs/PHASE4-R2-TEST-ASSET-API.md	423	39	qatrack	intentional	preserved historical report
docs/PHASE4-R2-TEST-ASSET-API.md	424	39	qatrack	intentional	preserved historical report
docs/PHASE4-R2-TEST-ASSET-API.md	425	39	qatrack	intentional	preserved historical report
docs/PHASE4-R2-TEST-ASSET-API.md	426	39	qatrack	intentional	preserved historical report
docs/PHASE4-R2-TEST-ASSET-API.md	428	39	qatrack	intentional	preserved historical report
docs/PHASE4-R2-TEST-ASSET-API.md	429	39	qatrack	intentional	preserved historical report
docs/PHASE4-R2-TEST-ASSET-API.md	430	39	qatrack	intentional	preserved historical report
docs/PHASE4-R2-TEST-ASSET-API.md	431	39	qatrack	intentional	preserved historical report
docs/PHASE4-R2-TEST-ASSET-API.md	432	39	qatrack	intentional	preserved historical report
docs/PHASE4-R2-TEST-ASSET-API.md	433	39	qatrack	intentional	preserved historical report
docs/PHASE4-R2-TEST-ASSET-API.md	434	39	qatrack	intentional	preserved historical report
docs/PHASE4-R2-TEST-ASSET-API.md	435	39	qatrack	intentional	preserved historical report
docs/PHASE4-R2-TEST-ASSET-API.md	436	39	qatrack	intentional	preserved historical report
docs/PHASE4-R2-TEST-ASSET-API.md	437	39	qatrack	intentional	preserved historical report
docs/PHASE4-R2-TEST-ASSET-API.md	438	39	qatrack	intentional	preserved historical report
docs/PHASE4-R2-TEST-ASSET-API.md	439	39	qatrack	intentional	preserved historical report
docs/PHASE4-R2-TEST-ASSET-API.md	440	39	qatrack	intentional	preserved historical report
docs/PHASE4-R2-TEST-ASSET-API.md	441	39	qatrack	intentional	preserved historical report
docs/PHASE4-R2-TEST-ASSET-API.md	442	39	qatrack	intentional	preserved historical report
docs/PHASE4-R2-TEST-ASSET-API.md	443	39	qatrack	intentional	preserved historical report
docs/PHASE4-R2-TEST-ASSET-API.md	444	39	qatrack	intentional	preserved historical report
docs/PHASE4-R2-TEST-ASSET-API.md	445	39	qatrack	intentional	preserved historical report
docs/PHASE4-R2-TEST-ASSET-API.md	446	39	qatrack	intentional	preserved historical report
docs/PHASE4-R2-TEST-ASSET-API.md	447	39	qatrack	intentional	preserved historical report
docs/PHASE4-R2-TEST-ASSET-API.md	448	39	qatrack	intentional	preserved historical report
docs/PHASE4-R2-TEST-ASSET-API.md	449	39	qatrack	intentional	preserved historical report
docs/PHASE4-R2-FINAL-REVIEW.md	140	52	QATrack	intentional	preserved historical report
docs/PHASE4-R2-FINAL-REVIEW.md	200	42	qatrack	intentional	preserved historical report
docs/PHASE4-R2-FINAL-REVIEW.md	224	39	qatrack	intentional	preserved historical report
docs/PHASE4-R2-FINAL-REVIEW.md	225	39	qatrack	intentional	preserved historical report
docs/PHASE4-R2-FINAL-REVIEW.md	226	39	qatrack	intentional	preserved historical report
docs/PHASE4-R2-FINAL-REVIEW.md	227	39	qatrack	intentional	preserved historical report
docs/PHASE4-R2-FINAL-REVIEW.md	228	39	qatrack	intentional	preserved historical report
docs/PHASE4-R2-FINAL-REVIEW.md	229	39	qatrack	intentional	preserved historical report
docs/PHASE4-R2-FINAL-REVIEW.md	230	39	qatrack	intentional	preserved historical report
docs/PHASE4-R2-FINAL-REVIEW.md	231	39	qatrack	intentional	preserved historical report
docs/PHASE4-R2-FINAL-REVIEW.md	232	39	qatrack	intentional	preserved historical report
docs/PHASE4-R2-FINAL-REVIEW.md	233	39	qatrack	intentional	preserved historical report
docs/PHASE4-R2-FINAL-REVIEW.md	234	39	qatrack	intentional	preserved historical report
docs/PHASE4-R2-FINAL-REVIEW.md	235	39	qatrack	intentional	preserved historical report
docs/PHASE4-R2-FINAL-REVIEW.md	236	39	qatrack	intentional	preserved historical report
docs/PHASE4-R2-FINAL-REVIEW.md	237	39	qatrack	intentional	preserved historical report
docs/PHASE4-R2-FINAL-REVIEW.md	238	39	qatrack	intentional	preserved historical report
docs/PHASE4-R2-FINAL-REVIEW.md	239	39	qatrack	intentional	preserved historical report
docs/PHASE4-R2-FINAL-REVIEW.md	242	39	qatrack	intentional	preserved historical report
docs/PHASE4-R2-FINAL-REVIEW.md	243	39	qatrack	intentional	preserved historical report
docs/PHASE4-R2-FINAL-REVIEW.md	244	39	qatrack	intentional	preserved historical report
docs/PHASE4-R2-FINAL-REVIEW.md	245	39	qatrack	intentional	preserved historical report
docs/PHASE4-R2-FINAL-REVIEW.md	246	39	qatrack	intentional	preserved historical report
docs/PHASE4-R2-FINAL-REVIEW.md	247	39	qatrack	intentional	preserved historical report
docs/PHASE4-R2-FINAL-REVIEW.md	248	39	qatrack	intentional	preserved historical report
docs/PHASE4-R2-FINAL-REVIEW.md	249	39	qatrack	intentional	preserved historical report
docs/PHASE4-R2-FINAL-REVIEW.md	250	39	qatrack	intentional	preserved historical report
docs/PHASE4-R2-FINAL-REVIEW.md	251	39	qatrack	intentional	preserved historical report
docs/PHASE4-R2-FINAL-REVIEW.md	252	39	qatrack	intentional	preserved historical report
docs/PHASE4-R2-FINAL-REVIEW.md	253	39	qatrack	intentional	preserved historical report
docs/PHASE4-R2-FINAL-REVIEW.md	254	39	qatrack	intentional	preserved historical report
docs/PHASE4-R2-FINAL-REVIEW.md	255	39	qatrack	intentional	preserved historical report
docs/PHASE4-R2-FINAL-REVIEW.md	256	39	qatrack	intentional	preserved historical report
docs/PHASE4-R2-FINAL-REVIEW.md	257	39	qatrack	intentional	preserved historical report
docs/PHASE4-R2-FINAL-REVIEW.md	258	39	qatrack	intentional	preserved historical report
docs/PHASE4-R2-FINAL-REVIEW.md	259	39	qatrack	intentional	preserved historical report
docs/PHASE4-R2-FINAL-REVIEW.md	260	39	qatrack	intentional	preserved historical report
docs/PHASE4-R2-FINAL-REVIEW.md	261	39	qatrack	intentional	preserved historical report
docs/PHASE4-R2-FINAL-REVIEW.md	262	39	qatrack	intentional	preserved historical report
docs/PHASE4-R2-FINAL-REVIEW.md	263	39	qatrack	intentional	preserved historical report
docs/PUBLIC-DEPLOYMENT-SECURITY.md	183	36	qatrack	intentional	preserved historical report
docs/PUBLIC-DEPLOYMENT-SECURITY.md	186	13	qatrack	intentional	preserved historical report
docs/PUBLIC-DEPLOYMENT-SECURITY.md	192	24	qatrack	intentional	preserved historical report
docs/PUBLIC-DEPLOYMENT-SECURITY.md	224	61	QATRACK	intentional	preserved historical report
docs/PUBLIC-DEPLOYMENT-SECURITY.md	224	98	QATRACK	intentional	preserved historical report
docs/PUBLIC-DEPLOYMENT-SECURITY-FINAL-REVIEW.md	1	3	QATrack	intentional	preserved historical report
docs/PUBLIC-DEPLOYMENT-SECURITY-FINAL-REVIEW.md	42	38	QATrack	intentional	preserved historical report
docs/PUBLIC-DEPLOYMENT-SECURITY-FINAL-REVIEW.md	72	185	qatrack	intentional	preserved historical report
docs/PUBLIC-DEPLOYMENT-SECURITY-FINAL-REVIEW.md	74	72	QATRACK	intentional	preserved historical report
docs/PUBLIC-DEPLOYMENT-SECURITY-FINAL-REVIEW.md	78	10	QATRACK	intentional	preserved historical report
docs/PUBLIC-DEPLOYMENT-SECURITY-FINAL-REVIEW.md	96	58	QATrack	intentional	preserved historical report
docs/PUBLIC-DEPLOYMENT-SECURITY-FINAL-REVIEW.md	104	144	qatrack	intentional	preserved historical report
docs/PUBLIC-DEPLOYMENT-SECURITY-FINAL-REVIEW.md	104	228	QATRACK	intentional	preserved historical report
docs/PUBLIC-DEPLOYMENT-SECURITY-FINAL-REVIEW.md	106	11	QATRACK	intentional	preserved historical report
docs/PUBLIC-DEPLOYMENT-SECURITY-FINAL-REVIEW.md	106	55	QATRACK	intentional	preserved historical report
docs/PUBLIC-DEPLOYMENT-SECURITY-FINAL-REVIEW.md	132	195	QATRACK	intentional	preserved historical report
docs/PUBLIC-DEPLOYMENT-SECURITY-FINAL-REVIEW.md	173	51	qatrack	intentional	preserved historical report
docs/PUBLIC-DEPLOYMENT-SECURITY-FINAL-REVIEW.md	195	18	QATRACK	intentional	preserved historical report
docs/PUBLIC-DEPLOYMENT-SECURITY-FINAL-REVIEW.md	195	69	QATRACK	intentional	preserved historical report
docs/V1-DESIGN-AUDIT.md	1	3	QATrack	intentional	preserved historical report
docs/V1-ER.mmd	2	54	QATrack	intentional	preserved historical report
docs/VERIQRA-RENAME.md	4	51	QATrack	intentional	migration record and removed-compatibility notice
docs/VERIQRA-RENAME.md	10	77	qatrack	intentional	migration record and removed-compatibility notice
docs/VERIQRA-RENAME.md	16	61	QATRACK	intentional	migration record and removed-compatibility notice
docs/VERIQRA-RENAME.md	16	76	QATrack	intentional	migration record and removed-compatibility notice
docs/VERIQRA-RENAME.md	16	99	qatrack	intentional	migration record and removed-compatibility notice
docs/VERIQRA-RENAME.md	46	295	QATrack	intentional	migration record and removed-compatibility notice
